algorithm,route,distance_m,calc_time_s
TSP,0-8-4-2-1-6-3-7-5,51859.022545,0.104359
Greedy+2opt,0-5-7-3-6-1-2-4-8,53417.074747,0.000110
